"","Admitted","Rejected"
"Female",0.303542234332425,0.696457765667575
"Male",0.445187662578967,0.554812337421033
